time,clone_id,parent_id,mutation_size,vaf,S,R1,R2,R3,T1,T2,T3
0,0,-1,1,0.5,0.21703146,0.30588898,0.23868097,0.23839857,0.0,0.0,0.0
1,0,-1,1,0.5,0.21857783,0.3050539,0.23840022,0.23796809,0.0,0.0,0.0
2,0,-1,1,0.5,0.22014406,0.3042107,0.23811479,0.2375305,0.0,0.0,0.0
3,0,-1,1,0.5,0.22173053,0.30335924,0.23782454,0.23708567,0.0,0.0,0.0
4,0,-1,1,0.5,0.22333765,0.3024994,0.23752934,0.2366335,0.0,0.0,0.0
5,0,-1,1,0.5,0.22496583,0.30163112,0.23722917,0.23617391,0.0,0.0,0.0
6,0,-1,2,0.5,0.13676694,0.27421856,0.28244272,0.30657178,0.0,0.0,0.0
6,1,0,1,0.25,0.046918448,0.247683,0.32796162,0.37743688,0.0,0.0,0.0
7,0,-1,2,0.5,0.13915351,0.2741806,0.28190652,0.30475938,0.0,0.0,0.0
7,1,0,1,0.25,0.0500201,0.24849294,0.32719988,0.3742871,0.0,0.0,0.0
8,0,-1,2,0.5,0.14172572,0.27412483,0.28131393,0.30283552,0.0,0.0,0.0
8,1,0,1,0.25,0.05347072,0.24927625,0.32633075,0.37092227,0.0,0.0,0.0
9,0,-1,2,0.5,0.14451128,0.27404574,0.2806558,0.30078718,0.0,0.0,0.0
9,1,0,1,0.25,0.057325333,0.25002205,0.32533607,0.3673165,0.0,0.0,0.0
10,0,-1,2,0.5,0.14754343,0.27393633,0.2799212,0.29859912,0.0,0.0,0.0
10,1,0,1,0.25,0.06164992,0.25071654,0.32419407,0.3634395,0.0,0.0,0.0
11,0,-1,2,0.5,0.20782167,0.24931693,0.23948723,0.3033742,1.0,0.0,0.0
11,1,0,1,0.25,0.1793842,0.20201506,0.2432462,0.3753545,1.0,0.0,0.0
12,0,-1,2,0.5,0.22467032,0.25903282,0.2354657,0.28083116,1.0,0.0,0.0
12,1,0,1,0.25,0.21233042,0.21935382,0.23645194,0.33186382,1.0,0.0,0.0
13,0,-1,2,0.5,0.24365523,0.2676253,0.22985034,0.2588691,1.0,0.0,0.0
13,1,0,1,0.25,0.24955618,0.23443975,0.22647062,0.2895334,1.0,0.0,0.0
14,0,-1,2,0.5,0.2647308,0.27465647,0.22275138,0.2378614,1.0,0.0,0.0
14,1,0,1,0.25,0.29097053,0.24639702,0.21352273,0.24910979,1.0,0.0,0.0
15,0,-1,2,0.5,0.2877193,0.27976328,0.21436939,0.21814805,1.0,0.0,0.0
15,1,0,1,0.25,0.33621797,0.25449964,0.19800936,0.21127307,1.0,0.0,0.0
16,0,-1,2,0.5,0.29815704,0.2839052,0.20836343,0.20957428,1.0,0.0,0.0
16,1,0,1,0.25,0.35637122,0.26066643,0.18724869,0.19571361,1.0,0.0,0.0
17,0,-1,2,0.5,0.30533552,0.2881338,0.20304197,0.20348871,1.0,0.0,0.0
17,1,0,1,0.25,0.37001342,0.26700044,0.17785758,0.18512851,1.0,0.0,0.0
18,0,-1,2,0.5,0.31283563,0.2921805,0.19764481,0.19733906,1.0,0.0,0.0
18,1,0,1,0.25,0.3843064,0.27296475,0.16831557,0.17441328,1.0,0.0,0.0
19,0,-1,2,0.5,0.32065803,0.2960286,0.19217567,0.19113772,1.0,0.0,0.0
19,1,0,1,0.25,0.39925155,0.27852577,0.15863016,0.16359256,1.0,0.0,0.0
20,0,-1,3,0.5,0.3503509,0.27934566,0.16037503,0.20992847,1.0,0.0,0.0
20,1,0,1,0.16666666666666666,0.41481173,0.28364113,0.14883207,0.15271516,1.0,0.0,0.0
20,2,0,1,0.16666666666666666,0.39348444,0.23872311,0.10782519,0.2599672,1.0,0.0,0.0
21,0,-1,4,0.5,0.45103827,0.21334708,0.16888152,0.16673313,1.0,0.0,0.0
21,1,0,2,0.25,0.5735317,0.14964736,0.17471978,0.10210121,1.0,0.0,0.0
21,2,0,1,0.125,0.4136491,0.23627357,0.10287255,0.24720472,1.0,0.0,0.0
21,3,1,1,0.125,0.71615744,0.01103051,0.21046327,0.062348764,1.0,0.0,0.0
22,0,-1,4,0.5,0.508656,0.21225537,0.12635638,0.15273228,1.0,0.0,0.0
22,1,0,2,0.25,0.6786771,0.14759117,0.09291219,0.08081957,1.0,0.0,0.0
22,2,0,1,0.125,0.43315285,0.23386571,0.09764152,0.23533994,1.0,0.0,0.0
22,3,1,1,0.125,0.9099467,0.0028323662,0.056683507,0.03053747,1.0,0.0,0.0
23,0,-1,5,0.5,0.4763309,0.2085023,0.19587737,0.11928947,1.0,0.0,0.0
23,1,0,2,0.2,0.7041843,0.14873765,0.07570455,0.07137356,1.0,0.0,0.0
23,2,0,2,0.2,0.3642503,0.21145163,0.30363643,0.12066163,1.0,0.0,0.0
23,3,1,1,0.1,0.94422233,0.0016126701,0.031986464,0.022178557,1.0,0.0,0.0
23,4,2,1,0.1,0.27602556,0.191868,0.5151967,0.016909754,1.0,0.0,0.0
24,0,-1,5,0.5,0.50098455,0.22961895,0.15386467,0.11553182,1.0,0.0,0.0
24,1,0,2,0.2,0.72652817,0.1497976,0.061831575,0.061842635,1.0,0.0,0.0
24,2,0,2,0.2,0.4032104,0.26210058,0.21310525,0.12158379,1.0,0.0,0.0
24,3,1,1,0.1,0.97249573,0.0006999985,0.013624477,0.0131798,1.0,0.0,0.0
24,4,2,1,0.1,0.33523315,0.29598662,0.33819386,0.030586358,1.0,0.0,0.0
25,0,-1,6,0.5,0.59734094,0.19917917,0.11138705,0.09209276,1.0,0.0,0.0
25,1,0,3,0.25,0.82536143,0.10062387,0.036667712,0.037346985,1.0,0.0,0.0
25,2,0,2,0.16666666666666666,0.43093187,0.28336674,0.17006257,0.11563883,1.0,0.0,0.0
25,3,1,2,0.16666666666666666,0.9897548,0.00022857082,0.00447523,0.00554133,1.0,0.0,0.0
25,4,2,1,0.08333333333333333,0.37161353,0.34178802,0.256384,0.030214427,1.0,0.0,0.0
25,5,3,1,0.08333333333333333,0.9989273,7.563603e-09,4.6945166e-07,0.0010722149,1.0,0.0,0.0
26,0,-1,7,0.5,0.66263217,0.17789765,0.082850985,0.07661917,1.0,0.0,0.0
26,1,0,4,0.2857142857142857,0.8739381,0.07594927,0.02480346,0.0253092,1.0,0.0,0.0
26,2,0,2,0.14285714285714285,0.44796568,0.30641925,0.13190249,0.11371263,1.0,0.0,0.0
26,3,1,3,0.21428571428571427,0.9945933,0.00011231212,0.0022192623,0.0030752101,1.0,0.0,0.0
26,4,2,1,0.07142857142857142,0.3853114,0.3922763,0.18571785,0.03669445,1.0,0.0,0.0
26,5,3,1,0.07142857142857142,0.9989717,7.2569297e-09,4.5165658e-07,0.0010278961,1.0,0.0,0.0
26,6,3,1,0.07142857142857142,1.0,2.3451946e-13,1.1876547e-10,5.1119325e-13,1.0,0.0,0.0
27,0,-1,7,0.5,0.6684437,0.1833959,0.07430457,0.07385577,1.0,0.0,0.0
27,1,0,4,0.2857142857142857,0.8783204,0.07631869,0.022457127,0.022903748,1.0,0.0,0.0
27,2,0,2,0.14285714285714285,0.45922345,0.32383242,0.107310876,0.10963325,1.0,0.0,0.0
27,3,1,3,0.21428571428571427,0.9954912,8.8256755e-05,0.0017612203,0.002659291,1.0,0.0,0.0
27,4,2,1,0.07142857142857142,0.38728878,0.43146938,0.14088126,0.040360607,1.0,0.0,0.0
27,5,3,1,0.07142857142857142,0.9990125,6.9741226e-09,4.3520174e-07,0.0009870718,1.0,0.0,0.0
27,6,3,1,0.07142857142857142,1.0,2.3451946e-13,1.1876547e-10,5.1119325e-13,1.0,0.0,0.0
28,0,-1,7,0.5,0.67312306,0.18741144,0.068521164,0.07094429,1.0,0.0,0.0
28,1,0,4,0.2857142857142857,0.8823164,0.076588064,0.020358922,0.020736571,1.0,0.0,0.0
28,2,0,2,0.14285714285714285,0.46729565,0.33625296,0.09189369,0.10455771,1.0,0.0,0.0
28,3,1,3,0.21428571428571427,0.9961164,7.222489e-05,0.001455525,0.0023558205,1.0,0.0,0.0
28,4,2,1,0.07142857142857142,0.3825862,0.46116793,0.114430696,0.041815165,1.0,0.0,0.0
28,5,3,1,0.07142857142857142,0.9990502,6.7125256e-09,4.199442e-07,0.00094934873,1.0,0.0,0.0
28,6,3,1,0.07142857142857142,1.0,2.3451946e-13,1.1876547e-10,5.1119325e-13,1.0,0.0,0.0
29,0,-1,8,0.5,0.6148299,0.21494426,0.07965091,0.09057499,1.0,0.0,0.0
29,1,0,4,0.25,0.88594896,0.07678648,0.018475028,0.01878953,1.0,0.0,0.0
29,2,0,2,0.125,0.47825944,0.34481236,0.0808983,0.09602998,1.0,0.0,0.0
29,3,1,3,0.1875,0.9965798,6.0800492e-05,0.0012370505,0.0021223892,1.0,0.0,0.0
29,4,2,1,0.0625,0.38352016,0.48359126,0.0968106,0.03607801,1.0,0.0,0.0
29,5,3,1,0.0625,0.9990853,6.4697505e-09,4.0575105e-07,0.0009143834,1.0,0.0,0.0
29,6,3,1,0.0625,1.0,2.3451946e-13,1.1876547e-10,5.1119325e-13,1.0,0.0,0.0
29,7,0,1,0.0625,0.16970083,0.38756526,0.18834247,0.2543915,1.0,0.0,0.0
30,0,-1,8,0.5,0.61743516,0.2242288,0.07422781,0.084108286,1.0,0.0,0.0
30,1,0,4,0.25,0.88920176,0.076951526,0.016792176,0.017054662,1.0,0.0,0.0
30,2,0,2,0.125,0.48395616,0.35598886,0.06979846,0.09025648,1.0,0.0,0.0
30,3,1,3,0.1875,0.9969385,5.2266772e-05,0.0010732453,0.0019360433,1.0,0.0,0.0
30,4,2,1,0.0625,0.37394947,0.5116395,0.078919485,0.035491504,1.0,0.0,0.0
30,5,3,1,0.0625,0.9991178,6.243892e-09,3.9251697e-07,0.00088188396,1.0,0.0,0.0
30,6,3,1,0.0625,1.0,2.3451946e-13,1.1876547e-10,5.1119325e-13,1.0,0.0,0.0
30,7,0,1,0.0625,0.16552833,0.4366259,0.1751461,0.22269961,1.0,0.0,0.0
31,0,-1,8,0.5,0.6193441,0.23356575,0.069304705,0.07778546,1.0,0.0,0.0
31,1,0,4,0.25,0.8921132,0.07709707,0.015284513,0.0155051835,1.0,0.0,0.0
31,2,0,2,0.125,0.48863122,0.36597425,0.06107372,0.08432081,1.0,0.0,0.0
31,3,1,3,0.1875,0.9972252,4.5664678e-05,0.0009459864,0.001783122,1.0,0.0,0.0
31,4,2,1,0.0625,0.36254704,0.53762823,0.06567051,0.034154203,1.0,0.0,0.0
31,5,3,1,0.0625,0.999148,6.033173e-09,3.801426e-07,0.00085159205,1.0,0.0,0.0
31,6,3,1,0.0625,1.0,2.3451946e-13,1.1876547e-10,5.1119325e-13,1.0,0.0,0.0
31,7,0,1,0.0625,0.15920238,0.48855993,0.16049896,0.19173875,1.0,0.0,0.0
32,0,-1,8,0.5,0.6206095,0.2427862,0.06478028,0.07182404,1.0,0.0,0.0
32,1,0,4,0.25,0.8947159,0.07723604,0.013930305,0.014117766,1.0,0.0,0.0
32,2,0,2,0.125,0.4924264,0.37519202,0.05395785,0.07842374,1.0,0.0,0.0
32,3,1,3,0.1875,0.9974603,4.0416027e-05,0.0008443668,0.0016549276,1.0,0.0,0.0
32,4,2,1,0.0625,0.34979922,0.5623191,0.055492446,0.032389224,1.0,0.0,0.0
32,5,3,1,0.0625,0.9991763,5.8362404e-09,3.6855042e-07,0.00082330185,1.0,0.0,0.0
32,6,3,1,0.0625,1.0,2.3451946e-13,1.1876547e-10,5.1119325e-13,1.0,0.0,0.0
32,7,0,1,0.0625,0.15073192,0.5411174,0.14520988,0.16294076,1.0,0.0,0.0
33,0,-1,8,0.5,0.62149656,0.25035614,0.061030775,0.06711649,1.0,0.0,0.0
33,1,0,4,0.25,0.89698684,0.07740344,0.012723694,0.01288606,1.0,0.0,0.0
33,2,0,2,0.125,0.495561,0.38376158,0.047673136,0.07300421,1.0,0.0,0.0
33,3,1,3,0.1875,0.9976568,3.61514e-05,0.0007614198,0.0015456085,1.0,0.0,0.0
33,4,2,1,0.0625,0.33602485,0.5861127,0.047447763,0.03041462,1.0,0.0,0.0
33,5,3,1,0.0625,0.9992028,5.6516947e-09,3.576653e-07,0.00079681503,1.0,0.0,0.0
33,6,3,1,0.0625,1.0,2.3451946e-13,1.1876547e-10,5.1119325e-13,1.0,0.0,0.0
33,7,0,1,0.0625,0.14189176,0.5816473,0.13386782,0.14259309,1.0,0.0,0.0
34,0,-1,8,0.5,0.6219186,0.2578607,0.057617627,0.06260305,1.0,0.0,0.0
34,1,0,4,0.25,0.89892566,0.077624395,0.011652935,0.011796953,1.0,0.0,0.0
34,2,0,2,0.125,0.49787676,0.39204326,0.04261723,0.067462735,1.0,0.0,0.0
34,3,1,3,0.1875,0.9978238,3.2623742e-05,0.00069249026,0.0014510824,1.0,0.0,0.0
34,4,2,1,0.0625,0.32148567,0.60919476,0.040947482,0.028372047,1.0,0.0,0.0
34,5,3,1,0.0625,0.99922764,5.478396e-09,3.474243e-07,0.0007719658,1.0,0.0,0.0
34,6,3,1,0.0625,1.0,2.3451946e-13,1.1876547e-10,5.1119325e-13,1.0,0.0,0.0
34,7,0,1,0.0625,0.13230625,0.62200934,0.12221567,0.12346871,1.0,0.0,0.0
35,0,-1,10,0.5,0.5221201,0.24670582,0.14345822,0.08771586,1.0,0.0,0.0
35,1,0,4,0.2,0.90052795,0.077925086,0.010707881,0.010839092,1.0,0.0,0.0
35,2,0,2,0.1,0.4995131,0.39999396,0.038251713,0.06224127,1.0,0.0,0.0
35,3,1,3,0.15,0.99796766,2.9661744e-05,0.0006343425,0.0013683868,1.0,0.0,0.0
35,4,2,1,0.05,0.30642384,0.63162166,0.03560425,0.026350249,1.0,0.0,0.0
35,5,3,1,0.05,0.99925107,5.315359e-09,3.377691e-07,0.00074860145,1.0,0.0,0.0
35,6,3,1,0.05,1.0,2.3451946e-13,1.1876547e-10,5.1119325e-13,1.0,0.0,0.0
35,7,0,2,0.1,0.068215,0.33059058,0.4315605,0.16963392,1.0,0.0,0.0
35,8,0,1,0.05,0.23148109,0.34566334,0.24650553,0.17635007,1.0,0.0,0.0
35,9,7,1,0.05,0.014139076,1.6036086e-06,0.752528,0.23333128,1.0,0.0,0.0
36,0,-1,12,0.5,0.4366226,0.23537517,0.15388818,0.17411411,1.0,0.0,0.0
36,1,0,5,0.20833333333333334,0.72371995,0.1113646,0.097283944,0.06763153,1.0,0.0,0.0
36,2,0,3,0.125,0.33627963,0.2887095,0.02296649,0.35204443,1.0,0.0,0.0
36,3,1,3,0.125,0.9980929,2.7142823e-05,0.0005846667,0.0012953281,1.0,0.0,0.0
36,4,2,1,0.041666666666666664,0.2910712,0.65337336,0.031152792,0.02440262,1.0,0.0,0.0
36,5,3,1,0.041666666666666664,0.999273,5.1616826e-09,3.2865208e-07,0.00072660216,1.0,0.0,0.0
36,6,3,1,0.041666666666666664,1.0,2.3451946e-13,1.1876547e-10,5.1119325e-13,1.0,0.0,0.0
36,7,0,2,0.08333333333333333,0.063666046,0.34829113,0.4232302,0.16481262,1.0,0.0,0.0
36,8,0,1,0.041666666666666664,0.23199165,0.35420296,0.24051642,0.17328894,1.0,0.0,0.0
36,9,7,1,0.041666666666666664,0.014971312,1.799528e-06,0.74662143,0.23840548,1.0,0.0,0.0
36,10,1,1,0.041666666666666664,0.011121708,0.24366643,0.4469803,0.29823163,1.0,0.0,0.0
36,11,2,1,0.041666666666666664,0.007757476,0.050848946,1.057536e-06,0.9413926,1.0,0.0,0.0
37,0,-1,13,0.5,0.48046172,0.23342234,0.13163808,0.1544779,1.0,0.0,0.0
37,1,0,6,0.23076923076923078,0.7711083,0.10963774,0.063960604,0.055293333,1.0,0.0,0.0
37,2,0,3,0.11538461538461539,0.3381355,0.30925503,0.02074551,0.3318639,1.0,0.0,0.0
37,3,1,4,0.15384615384615385,0.9986523,1.8732802e-05,0.00040632128,0.0009226763,1.0,0.0,0.0
37,4,2,1,0.038461538461538464,0.27564818,0.6743876,0.02740489,0.02255938,1.0,0.0,0.0
37,5,3,1,0.038461538461538464,0.9992938,5.0166142e-09,3.2002916e-07,0.0007058454,1.0,0.0,0.0
37,6,3,2,0.07692307692307693,1.0,2.2220981e-13,5.356547e-10,1.8298528e-10,1.0,0.0,0.0
37,7,0,2,0.07692307692307693,0.05975318,0.36481014,0.4150057,0.16043098,1.0,0.0,0.0
37,8,0,1,0.038461538461538464,0.23218347,0.36626732,0.23218,0.16936928,1.0,0.0,0.0
37,9,7,1,0.038461538461538464,0.015882125,2.0286998e-06,0.7404654,0.2436505,1.0,0.0,0.0
37,10,1,1,0.038461538461538464,0.014944526,0.34284022,0.34733954,0.29487562,1.0,0.0,0.0
37,11,2,1,0.038461538461538464,0.012326923,0.09780373,1.920968e-06,0.8898675,1.0,0.0,0.0
37,12,6,1,0.038461538461538464,1.0,2.0990016e-13,9.525439e-10,3.6545936e-10,1.0,0.0,0.0
38,0,-1,15,0.5,0.5479758,0.2272542,0.10573449,0.11903548,1.0,0.0,0.0
38,1,0,7,0.23333333333333334,0.80003554,0.11578131,0.041595805,0.042587288,1.0,0.0,0.0
38,2,0,4,0.13333333333333333,0.5062171,0.2748144,0.01410262,0.2048659,1.0,0.0,0.0
38,3,1,5,0.16666666666666666,0.99240696,0.004433931,0.0017100645,0.0014490798,1.0,0.0,0.0
38,4,2,2,0.06666666666666667,0.62996614,0.3472928,0.012128649,0.010612395,1.0,0.0,0.0
38,5,3,1,0.03333333333333333,0.9993135,4.879422e-09,3.1185954e-07,0.00068623177,1.0,0.0,0.0
38,6,3,2,0.06666666666666667,1.0,2.2220981e-13,5.356547e-10,1.8298528e-10,1.0,0.0,0.0
38,7,0,2,0.06666666666666667,0.054347873,0.38268247,0.40620714,0.15676256,1.0,0.0,0.0
38,8,0,1,0.03333333333333333,0.23203078,0.3784579,0.22417732,0.16533402,1.0,0.0,0.0
38,9,7,1,0.03333333333333333,0.016881488,2.2983218e-06,0.73404795,0.24906829,1.0,0.0,0.0
38,10,1,1,0.03333333333333333,0.01826964,0.47113967,0.2503929,0.2601977,1.0,0.0,0.0
38,11,2,1,0.03333333333333333,0.023100816,0.25525087,4.46821e-06,0.7216438,1.0,0.0,0.0
38,12,6,1,0.03333333333333333,1.0,2.0990016e-13,9.525439e-10,3.6545936e-10,1.0,0.0,0.0
38,13,3,1,0.03333333333333333,0.96713233,0.022100363,0.007037265,0.0037299572,1.0,0.0,0.0
38,14,4,1,0.03333333333333333,0.99957603,4.660404e-07,3.4568875e-05,0.00038895622,1.0,0.0,0.0
39,0,-1,16,0.5,0.57696456,0.24954203,0.09298163,0.08051176,1.0,0.0,0.0
39,1,0,8,0.25,0.82712835,0.10728584,0.028512754,0.037073087,1.0,0.0,0.0
39,2,0,4,0.125,0.50878185,0.39398658,0.012810301,0.0844213,1.0,0.0,0.0
39,3,1,6,0.1875,0.9955695,0.0023601875,0.0009876656,0.0010825883,1.0,0.0,0.0
39,4,2,2,0.0625,0.6224763,0.35694364,0.010768454,0.009811681,1.0,0.0,0.0
39,5,3,1,0.03125,0.9993319,4.749508e-09,3.04108e-07,0.00066766946,1.0,0.0,0.0
39,6,3,3,0.09375,0.99999994,5.585143e-10,2.2586002e-09,6.2744185e-08,1.0,0.0,0.0
39,7,0,2,0.0625,0.046699036,0.40470168,0.39594564,0.15265371,1.0,0.0,0.0
39,8,0,1,0.03125,0.23155984,0.39151406,0.21588567,0.16104034,1.0,0.0,0.0
39,9,7,1,0.03125,0.017980924,2.6174714e-06,0.7273561,0.25466043,1.0,0.0,0.0
39,10,1,1,0.03125,0.0219163,0.52421796,0.19222142,0.26164427,1.0,0.0,0.0
39,11,2,1,0.03125,0.033958647,0.7185715,9.395513e-06,0.24746048,1.0,0.0,0.0
39,12,6,1,0.03125,1.0,2.0990016e-13,9.525439e-10,3.6545936e-10,1.0,0.0,0.0
39,13,3,1,0.03125,0.9782535,0.014096767,0.004511587,0.0031382048,1.0,0.0,0.0
39,14,4,1,0.03125,0.9995797,4.6199486e-07,3.434037e-05,0.00038551437,1.0,0.0,0.0
39,15,6,1,0.03125,0.99999976,1.6750984e-09,5.704491e-09,1.8786658e-07,1.0,0.0,0.0
40,0,-1,16,0.5,0.5760417,0.26924962,0.08823858,0.06647001,1.0,0.0,0.0
40,1,0,8,0.25,0.8282313,0.11396637,0.023036677,0.034765683,1.0,0.0,0.0
40,2,0,4,0.125,0.50585175,0.44699007,0.01166578,0.03549242,1.0,0.0,0.0
40,3,1,6,0.1875,0.9965131,0.0017198784,0.00077126455,0.0009957792,1.0,0.0,0.0
40,4,2,2,0.0625,0.6152149,0.36611217,0.009599279,0.009073706,1.0,0.0,0.0
40,5,3,1,0.03125,0.99934965,4.626269e-09,2.9674354e-07,0.00065007276,1.0,0.0,0.0
40,6,3,3,0.09375,0.99999994,5.5846744e-10,2.2584514e-09,6.273905e-08,1.0,0.0,0.0
40,7,0,2,0.0625,0.040875826,0.4217376,0.38699657,0.15038995,1.0,0.0,0.0
40,8,0,1,0.03125,0.23081903,0.40504107,0.20754065,0.15659936,1.0,0.0,0.0
40,9,7,1,0.03125,0.019193783,2.997701e-06,0.72037727,0.26042593,1.0,0.0,0.0
40,10,1,1,0.03125,0.024211444,0.5783276,0.15175825,0.24570268,1.0,0.0,0.0
40,11,2,1,0.03125,0.02338662,0.917934,7.47226e-06,0.058671933,1.0,0.0,0.0
40,12,6,1,0.03125,1.0,2.0990016e-13,9.525439e-10,3.6545936e-10,1.0,0.0,0.0
40,13,3,1,0.03125,0.983679,0.010259264,0.0033005523,0.002761158,1.0,0.0,0.0
40,14,4,1,0.03125,0.9995833,4.5801713e-07,3.4115135e-05,0.00038212969,1.0,0.0,0.0
40,15,6,1,0.03125,0.99999976,1.6749578e-09,5.7040452e-09,1.8785117e-07,1.0,0.0,0.0
41,0,-1,17,0.5,0.5415563,0.2615094,0.083637506,0.113296874,1.0,0.0,0.0
41,1,0,9,0.2647058823529412,0.7366939,0.107809275,0.024834197,0.13066262,1.0,0.0,0.0
41,2,0,4,0.11764705882352941,0.5045059,0.45626688,0.010651782,0.028575495,1.0,0.0,0.0
41,3,1,6,0.17647058823529413,0.9970913,0.0013413425,0.00063885155,0.0009285296,1.0,0.0,0.0
41,4,2,2,0.058823529411764705,0.6082407,0.37477311,0.008589633,0.008396578,1.0,0.0,0.0
41,5,3,1,0.029411764705882353,0.99936646,4.509224e-09,2.897378e-07,0.0006333715,1.0,0.0,0.0
41,6,3,3,0.08823529411764706,0.99999994,5.5842697e-10,2.2583138e-09,6.273451e-08,1.0,0.0,0.0
41,7,0,2,0.058823529411764705,0.036556438,0.43462458,0.37919232,0.14962663,1.0,0.0,0.0
41,8,0,1,0.029411764705882353,0.229725,0.41900146,0.19926994,0.15200357,1.0,0.0,0.0
41,9,7,1,0.029411764705882353,0.02053553,3.4538177e-06,0.7130995,0.26636153,1.0,0.0,0.0
41,10,1,2,0.058823529411764705,0.0125834225,0.31774738,0.096802846,0.5728663,1.0,0.0,0.0
41,11,2,1,0.029411764705882353,0.019551056,0.9431381,6.1763226e-06,0.03730468,1.0,0.0,0.0
41,12,6,1,0.029411764705882353,1.0,2.0990016e-13,9.525439e-10,3.6545936e-10,1.0,0.0,0.0
41,13,3,1,0.029411764705882353,0.98693526,0.007991911,0.0025839533,0.0024889528,1.0,0.0,0.0
41,14,4,1,0.029411764705882353,0.9995869,4.541031e-07,3.3893055e-05,0.0003787993,1.0,0.0,0.0
41,15,6,1,0.029411764705882353,0.99999976,1.6748365e-09,5.703632e-09,1.8783756e-07,1.0,0.0,0.0
41,16,10,1,0.029411764705882353,3.622719e-09,0.00023272344,0.072822206,0.92694503,1.0,0.0,0.0
42,0,-1,18,0.5,0.56656134,0.2533863,0.07608644,0.10396591,1.0,0.0,0.0
42,1,0,10,0.2777777777777778,0.76314074,0.10310586,0.019652294,0.11410111,1.0,0.0,0.0
42,2,0,4,0.1111111111111111,0.5034607,0.4620702,0.009751919,0.0247172,1.0,0.0,0.0
42,3,1,7,0.19444444444444445,0.99784595,0.0009354586,0.00046991053,0.00074866693,1.0,0.0,0.0
42,4,2,2,0.05555555555555555,0.60159695,0.38291153,0.00771427,0.0077773025,1.0,0.0,0.0
42,5,3,1,0.027777777777777776,0.99938226,4.3978954e-09,2.8306346e-07,0.0006174965,1.0,0.0,0.0
42,6,3,4,0.1111111111111111,0.99999994,4.187891e-10,1.6936373e-09,4.704748e-08,1.0,0.0,0.0
42,7,0,2,0.05555555555555555,0.034401525,0.44195038,0.3730231,0.15062502,1.0,0.0,0.0
42,8,0,1,0.027777777777777776,0.22820273,0.4333777,0.19116987,0.14724974,1.0,0.0,0.0
42,9,7,1,0.027777777777777776,0.022024238,4.004963e-06,0.7055091,0.27246264,1.0,0.0,0.0
42,10,1,2,0.05555555555555555,0.012435627,0.34680027,0.08440797,0.55635613,1.0,0.0,0.0
42,11,2,1,0.027777777777777776,0.017186776,0.9552167,5.331262e-06,0.027591217,1.0,0.0,0.0
42,12,6,1,0.027777777777777776,1.0,2.0990016e-13,9.525439e-10,3.6545936e-10,1.0,0.0,0.0
42,13,3,1,0.027777777777777776,0.98911554,0.0064955154,0.0021100505,0.002278862,1.0,0.0,0.0
42,14,4,1,0.027777777777777776,0.99959034,4.502512e-07,3.3674023e-05,0.00037552242,1.0,0.0,0.0
42,15,6,1,0.027777777777777776,0.99999976,1.6747119e-09,5.70324e-09,1.8782394e-07,1.0,0.0,0.0
42,16,10,1,0.027777777777777776,3.6505576e-09,0.0002345015,0.07327044,0.9264951,1.0,0.0,0.0
42,17,6,1,0.027777777777777776,1.0,3.0491305e-38,1.1650362e-22,2.2640079e-34,1.0,0.0,0.0
43,0,-1,19,0.5,0.53971994,0.29477286,0.069647364,0.09585981,1.0,0.0,0.0
43,1,0,10,0.2631578947368421,0.7629949,0.10903995,0.017429043,0.110536054,1.0,0.0,0.0
43,2,0,5,0.13157894736842105,0.41473937,0.5604934,0.00716161,0.017605603,1.0,0.0,0.0
43,3,1,7,0.18421052631578946,0.9980865,0.0007895226,0.00041502898,0.0007089114,1.0,0.0,0.0
43,4,2,3,0.07894736842105263,0.41804305,0.5725122,0.0046351035,0.0048096343,1.0,0.0,0.0
43,5,3,1,0.02631578947368421,0.9993974,4.291923e-09,2.7669833e-07,0.0006023919,1.0,0.0,0.0
43,6,3,4,0.10526315789473684,0.99999994,4.1875473e-10,1.6935259e-09,4.7043716e-08,1.0,0.0,0.0
43,7,0,2,0.05263157894736842,0.0341549,0.44634163,0.36742976,0.15207365,1.0,0.0,0.0
43,8,0,1,0.02631578947368421,0.22638461,0.44851622,0.18279122,0.1423079,1.0,0.0,0.0
43,9,7,1,0.02631578947368421,0.02368103,4.676092e-06,0.6975938,0.2787205,1.0,0.0,0.0
43,10,1,2,0.05263157894736842,0.011772258,0.37461942,0.074223235,0.5393851,1.0,0.0,0.0
43,11,2,1,0.02631578947368421,0.015511162,0.9625518,4.7204317e-06,0.021932399,1.0,0.0,0.0
43,12,6,1,0.02631578947368421,1.0,2.0990016e-13,9.525439e-10,3.6545936e-10,1.0,0.0,0.0
43,13,3,1,0.02631578947368421,0.9906226,0.005477059,0.0017888212,0.0021114575,1.0,0.0,0.0
43,14,4,2,0.05263157894736842,0.53154904,0.46824586,1.6729e-05,0.0001883221,1.0,0.0,0.0
43,15,6,1,0.02631578947368421,0.99999976,1.6745745e-09,5.7027942e-09,1.878089e-07,1.0,0.0,0.0
43,16,10,1,0.02631578947368421,3.6787902e-09,0.00023630381,0.0737242,0.92603946,1.0,0.0,0.0
43,17,6,1,0.02631578947368421,1.0,3.0491305e-38,1.1650362e-22,2.2640079e-34,1.0,0.0,0.0
43,18,14,1,0.02631578947368421,0.06350431,0.9364913,1.5787988e-12,4.345801e-06,1.0,0.0,0.0
44,0,-1,19,0.5,0.538012,0.3011273,0.06736165,0.09349901,1.0,0.0,0.0
44,1,0,10,0.2631578947368421,0.7626631,0.11442274,0.015636055,0.10727809,1.0,0.0,0.0
44,2,0,5,0.13157894736842105,0.410181,0.56730765,0.0065917894,0.015919438,1.0,0.0,0.0
44,3,1,7,0.18421052631578946,0.9982744,0.00067878334,0.00037260883,0.000674171,1.0,0.0,0.0
44,4,2,3,0.07894736842105263,0.40761343,0.58372855,0.004191886,0.004466134,1.0,0.0,0.0
44,5,3,1,0.02631578947368421,0.9994118,4.190898e-09,2.7062163e-07,0.0005880003,1.0,0.0,0.0
44,6,3,4,0.10526315789473684,0.99999994,4.1872358e-10,1.6934225e-09,4.7040317e-08,1.0,0.0,0.0
44,7,0,2,0.05263157894736842,0.03185135,0.45377126,0.36092255,0.1534548,1.0,0.0,0.0
44,8,0,1,0.02631578947368421,0.22417241,0.46420127,0.17441487,0.13721143,1.0,0.0,0.0
44,9,7,1,0.02631578947368421,0.025530616,5.5000764e-06,0.6893411,0.28512272,1.0,0.0,0.0
44,10,1,2,0.05263157894736842,0.010776179,0.39928767,0.066074826,0.5238613,1.0,0.0,0.0
44,11,2,1,0.02631578947368421,0.014233448,0.9675597,4.251574e-06,0.018202635,1.0,0.0,0.0
44,12,6,1,0.02631578947368421,1.0,2.0990016e-13,9.525439e-10,3.6545936e-10,1.0,0.0,0.0
44,13,3,1,0.02631578947368421,0.99177563,0.004704677,0.0015488877,0.0019707633,1.0,0.0,0.0
44,14,4,2,0.05263157894736842,0.5218161,0.47798112,1.662252e-05,0.00018617394,1.0,0.0,0.0
44,15,6,1,0.02631578947368421,0.99999976,1.6744499e-09,5.702381e-09,1.877953e-07,1.0,0.0,0.0
44,16,10,1,0.02631578947368421,3.7074155e-09,0.00023813208,0.07418358,0.92557824,1.0,0.0,0.0
44,17,6,1,0.02631578947368421,1.0,3.0491305e-38,1.1650362e-22,2.2640079e-34,1.0,0.0,0.0
44,18,14,1,0.02631578947368421,0.044035006,0.9559618,1.0271259e-12,3.2216174e-06,1.0,0.0,0.0
45,0,-1,21,0.5,0.5073266,0.28634477,0.12334225,0.08298639,1.0,0.0,0.0
45,1,0,11,0.2619047619047619,0.6933985,0.10819412,0.103369825,0.09503755,1.0,0.0,0.0
45,2,0,6,0.14285714285714285,0.4139197,0.5096596,0.06382824,0.01259249,1.0,0.0,0.0
45,3,1,8,0.19047619047619047,0.87429047,0.00051628915,0.12463015,0.00056306337,1.0,0.0,0.0
45,4,2,4,0.09523809523809523,0.41186482,0.49331188,0.09099086,0.0038324483,1.0,0.0,0.0
45,5,3,1,0.023809523809523808,0.99942553,4.094465e-09,2.648115e-07,0.0005742721,1.0,0.0,0.0
45,6,3,5,0.11904761904761904,0.80106324,3.4602574e-10,0.19893672,5.931118e-08,1.0,0.0,0.0
45,7,0,2,0.047619047619047616,0.03206006,0.45684776,0.35546312,0.15562904,1.0,0.0,0.0
45,8,0,1,0.023809523809523808,0.22155108,0.4802456,0.16619025,0.13201311,1.0,0.0,0.0
45,9,7,1,0.023809523809523808,0.027601996,6.5205777e-06,0.6807389,0.2916526,1.0,0.0,0.0
45,10,1,2,0.047619047619047616,0.009651705,0.41965482,0.05982183,0.51087165,1.0,0.0,0.0
45,11,2,1,0.023809523809523808,0.0132131055,0.97123194,3.8770327e-06,0.01555108,1.0,0.0,0.0
45,12,6,1,0.023809523809523808,1.0,2.0990016e-13,9.525439e-10,3.6545936e-10,1.0,0.0,0.0
45,13,3,1,0.023809523809523808,0.9927128,0.0040860362,0.0013501773,0.0018510048,1.0,0.0,0.0
45,14,4,3,0.07142857142857142,0.49310485,0.3882877,0.11752834,0.0010791104,1.0,0.0,0.0
45,15,6,1,0.023809523809523808,0.99999976,1.674319e-09,5.7019567e-09,1.8778096e-07,1.0,0.0,0.0
45,16,10,1,0.023809523809523808,3.736467e-09,0.00023998666,0.07464891,0.9251111,1.0,0.0,0.0
45,17,6,2,0.047619047619047616,0.5026582,2.7682683e-11,0.49734178,5.4204484e-08,1.0,0.0,0.0
45,18,14,1,0.023809523809523808,0.03375041,0.966247,7.5059707e-13,2.587688e-06,1.0,0.0,0.0
45,19,14,1,0.023809523809523808,0.4459636,0.19861563,0.352552,0.0028687401,1.0,0.0,0.0
45,20,17,1,0.023809523809523808,0.0053163636,5.5365365e-11,0.99468356,1.0840897e-07,1.0,0.0,0.0
46,0,-1,22,0.5,0.5305536,0.27918246,0.11219092,0.0780731,1.0,0.0,0.0
46,1,0,11,0.25,0.6933631,0.11163679,0.10193827,0.0930619,1.0,0.0,0.0
46,2,0,7,0.1590909090909091,0.50095874,0.4457009,0.042638052,0.010702289,1.0,0.0,0.0
46,3,1,8,0.18181818181818182,0.8750391,0.00046356794,0.123957306,0.0005400064,1.0,0.0,0.0
46,4,2,4,0.09090909090909091,0.41723382,0.5088619,0.07012609,0.0037782076,1.0,0.0,0.0
46,5,3,1,0.022727272727272728,0.9994386,4.0023633e-09,2.592535e-07,0.00056116504,1.0,0.0,0.0
46,6,3,5,0.11363636363636363,0.8021029,3.4412073e-10,0.19789699,6.36305e-08,1.0,0.0,0.0
46,7,0,2,0.045454545454545456,0.031132996,0.4618839,0.34930086,0.15768223,1.0,0.0,0.0
46,8,0,1,0.022727272727272728,0.21846256,0.4968264,0.15803647,0.12667459,1.0,0.0,0.0
46,9,7,1,0.022727272727272728,0.029929211,7.796169e-06,0.6717761,0.29828683,1.0,0.0,0.0
46,10,1,2,0.045454545454545456,0.008556572,0.4356189,0.055193953,0.50063056,1.0,0.0,0.0
46,11,2,1,0.022727272727272728,0.012371804,0.97405833,3.5691394e-06,0.013566287,1.0,0.0,0.0
46,12,6,1,0.022727272727272728,1.0,2.0990016e-13,9.525439e-10,3.6545936e-10,1.0,0.0,0.0
46,13,3,1,0.022727272727272728,0.99336505,0.0036665688,0.0012133812,0.0017549391,1.0,0.0,0.0
46,14,4,3,0.06818181818181818,0.50370085,0.40496007,0.09004938,0.0012897417,1.0,0.0,0.0
46,15,6,1,0.022727272727272728,0.99999976,1.6742232e-09,5.7016303e-09,1.877695e-07,1.0,0.0,0.0
46,16,10,1,0.022727272727272728,3.7659236e-09,0.00024186751,0.07511975,0.9246384,1.0,0.0,0.0
46,17,6,2,0.045454545454545456,0.5052574,2.296804e-11,0.49474248,6.500851e-08,1.0,0.0,0.0
46,18,14,1,0.022727272727272728,0.027371246,0.9726265,5.858695e-13,2.17579e-06,1.0,0.0,0.0
46,19,14,1,0.022727272727272728,0.4841274,0.24225323,0.2701153,0.0035041184,1.0,0.0,0.0
46,20,17,1,0.022727272727272728,0.010514896,4.593608e-11,0.98948497,1.3001701e-07,1.0,0.0,0.0
46,21,2,1,0.022727272727272728,0.99424607,0.000977576,0.00020502745,0.004571334,1.0,0.0,0.0
47,0,-1,22,0.5,0.5325304,0.28385267,0.10663993,0.07697693,1.0,0.0,0.0
47,1,0,11,0.25,0.6954336,0.11444521,0.09858677,0.09153437,1.0,0.0,0.0
47,2,0,7,0.1590909090909091,0.504291,0.45229024,0.03348989,0.009928882,1.0,0.0,0.0
47,3,1,8,0.18181818181818182,0.8787526,0.00041516186,0.12031327,0.0005189402,1.0,0.0,0.0
47,4,2,4,0.09090909090909091,0.42127907,0.5207891,0.05440171,0.0035301505,1.0,0.0,0.0
47,5,3,1,0.022727272727272728,0.9994511,3.914249e-09,2.539309e-07,0.00054863596,1.0,0.0,0.0
47,6,3,5,0.11363636363636363,0.8078993,3.4111208e-10,0.19210066,7.40426e-08,1.0,0.0,0.0
47,7,0,2,0.045454545454545456,0.031114042,0.46519995,0.34350538,0.16018061,1.0,0.0,0.0
47,8,0,1,0.022727272727272728,0.21544212,0.5136122,0.14966752,0.121278234,1.0,0.0,0.0
47,9,7,1,0.022727272727272728,0.032552354,9.406235e-06,0.66244316,0.30499503,1.0,0.0,0.0
47,10,1,2,0.045454545454545456,0.0075746775,0.4477856,0.05184207,0.49279767,1.0,0.0,0.0
47,11,2,1,0.022727272727272728,0.011661458,0.9763116,3.3104818e-06,0.01202362,1.0,0.0,0.0
47,12,6,1,0.022727272727272728,1.0,2.0990016e-13,9.525439e-10,3.6545936e-10,1.0,0.0,0.0
47,13,3,1,0.022727272727272728,0.99396354,0.0032814217,0.0010861588,0.0016688306,1.0,0.0,0.0
47,14,4,3,0.06818181818181818,0.51228833,0.41711178,0.069383636,0.0012162348,1.0,0.0,0.0
47,15,6,1,0.022727272727272728,0.99999976,1.6740763e-09,5.7011738e-09,1.877541e-07,1.0,0.0,0.0
47,16,10,1,0.022727272727272728,3.7958103e-09,0.0002437754,0.07559668,0.9241595,1.0,0.0,0.0
47,17,6,2,0.045454545454545456,0.5197483,1.5519874e-11,0.48025164,9.1046466e-08,1.0,0.0,0.0
47,18,14,1,0.022727272727272728,0.023021247,0.97697693,4.771941e-13,1.884575e-06,1.0,0.0,0.0
47,19,14,1,0.022727272727272728,0.5142367,0.2743581,0.20811829,0.0032869144,1.0,0.0,0.0
47,20,17,1,0.022727272727272728,0.039496493,3.1039747e-11,0.9605033,1.8209293e-07,1.0,0.0,0.0
47,21,2,1,0.022727272727272728,0.9944342,0.00094742444,0.00019908577,0.004419427,1.0,0.0,0.0
48,0,-1,24,0.5,0.6081118,0.2636907,0.058453202,0.0697443,1.0,0.0,0.0
48,1,0,13,0.2708333333333333,0.808481,0.098812394,0.016248437,0.07645817,1.0,0.0,0.0
48,2,0,7,0.14583333333333334,0.5070954,0.45723912,0.026479093,0.009186393,1.0,0.0,0.0
48,3,1,10,0.20833333333333334,0.98979586,0.00030247745,0.009501573,0.00040007877,1.0,0.0,0.0
48,4,2,4,0.08333333333333333,0.42452618,0.52988833,0.042391762,0.003193743,1.0,0.0,0.0
48,5,3,1,0.020833333333333332,0.99946314,3.8299426e-09,2.4882846e-07,0.0005366491,1.0,0.0,0.0
48,6,3,7,0.14583333333333334,0.98669297,1.8507048e-09,0.0133070145,5.952437e-08,1.0,0.0,0.0
48,7,0,2,0.041666666666666664,0.031956255,0.46732187,0.33785284,0.16286899,1.0,0.0,0.0
48,8,0,1,0.020833333333333332,0.21221888,0.53056526,0.14132918,0.11588668,1.0,0.0,0.0
48,9,7,1,0.020833333333333332,0.035518456,1.1459477e-05,0.6527313,0.31173873,1.0,0.0,0.0
48,10,1,2,0.041666666666666664,0.0067315325,0.45698443,0.049433365,0.4868507,1.0,0.0,0.0
48,11,2,1,0.020833333333333332,0.0110506555,0.97815657,3.0894353e-06,0.01078967,1.0,0.0,0.0
48,12,6,2,0.041666666666666664,0.9983082,5.6390443e-09,0.0016917641,5.699784e-08,1.0,0.0,0.0
48,13,3,1,0.020833333333333332,0.99443024,0.002986772,0.000990004,0.0015929664,1.0,0.0,0.0
48,14,4,3,0.0625,0.5195784,0.4257846,0.05363543,0.0010016105,1.0,0.0,0.0
48,15,6,1,0.020833333333333332,0.99999976,1.6739422e-09,5.700728e-09,1.877387e-07,1.0,0.0,0.0
48,16,10,1,0.020833333333333332,3.8261407e-09,0.0002457127,0.07608005,0.9236742,1.0,0.0,0.0
48,17,6,3,0.0625,0.9700782,8.897525e-13,0.029921858,3.8311892e-08,1.0,0.0,0.0
48,18,14,1,0.020833333333333332,0.019862648,0.9801357,4.0047146e-13,1.6667722e-06,1.0,0.0,0.0
48,19,14,1,0.020833333333333332,0.53926224,0.2972176,0.16087386,0.0026462371,1.0,0.0,0.0
48,20,17,1,0.020833333333333332,0.9102344,2.669256e-12,0.08976557,1.1493568e-07,1.0,0.0,0.0
48,21,2,1,0.020833333333333332,0.994611,0.0009190028,0.00019347457,0.0042764894,1.0,0.0,0.0
48,22,12,1,0.020833333333333332,0.9966164,1.1277879e-08,0.0033835273,1.1363022e-07,1.0,0.0,0.0
48,23,17,1,0.020833333333333332,1.0,1.4296585e-18,1.4776739e-14,8.422245e-19,1.0,0.0,0.0
49,0,-1,27,0.5,0.5450178,0.26586774,0.12028304,0.06883144,1.0,0.0,0.0
49,1,0,15,0.2777777777777778,0.7063119,0.08711507,0.1409803,0.06559272,1.0,0.0,0.0
49,2,0,8,0.14814814814814814,0.44859785,0.50030845,0.01852756,0.032566164,1.0,0.0,0.0
49,3,1,11,0.2037037037037037,0.90820503,0.00025325094,0.09119203,0.00034974303,1.0,0.0,0.0
49,4,2,4,0.07407407407407407,0.42680138,0.5370385,0.033289894,0.002870251,1.0,0.0,0.0
49,5,3,1,0.018518518518518517,0.9994746,3.74913e-09,2.4393194e-07,0.0005251673,1.0,0.0,0.0
49,6,3,8,0.14814814814814814,0.8748299,2.059814e-08,0.12517002,3.1765477e-08,1.0,0.0,0.0
49,7,0,2,0.037037037037037035,0.032112982,0.47065693,0.33172247,0.16550761,1.0,0.0,0.0
49,8,0,1,0.018518518518518517,0.20873612,0.54746574,0.13327096,0.11052714,1.0,0.0,0.0
49,9,7,1,0.018518518518518517,0.038882863,1.410631e-05,0.64263463,0.3184684,1.0,0.0,0.0
49,10,1,2,0.037037037037037035,0.006021233,0.4639755,0.047701072,0.4823022,1.0,0.0,0.0
49,11,2,1,0.018518518518518517,0.010517738,0.9796993,2.8979066e-06,0.009780012,1.0,0.0,0.0
49,12,6,2,0.037037037037037035,0.9993032,3.4584915e-09,0.0006967309,3.3188567e-08,1.0,0.0,0.0
49,13,3,1,0.018518518518518517,0.9948279,0.0027493513,0.0009140827,0.001508579,1.0,0.0,0.0
49,14,4,3,0.05555555555555555,0.52535164,0.43213084,0.0417344,0.00078312616,1.0,0.0,0.0
49,15,6,1,0.018518518518518517,0.99999976,1.6738273e-09,5.7003584e-09,1.8772653e-07,1.0,0.0,0.0
49,16,10,1,0.018518518518518517,3.856894e-09,0.0002476768,0.07656921,0.92318314,1.0,0.0,0.0
49,17,6,3,0.05555555555555555,0.9999997,1.4447542e-18,2.6037978e-07,4.2956784e-12,1.0,0.0,0.0
49,18,14,1,0.018518518518518517,0.017464023,0.98253447,3.4362083e-13,1.4971789e-06,1.0,0.0,0.0
49,19,14,1,0.018518518518518517,0.55897754,0.31385767,0.12517099,0.0019938876,1.0,0.0,0.0
49,20,17,1,0.018518518518518517,0.99999917,2.904604e-18,7.8113936e-07,1.2887034e-11,1.0,0.0,0.0
49,21,2,1,0.018518518518518517,0.9947779,0.00089216686,0.00018816724,0.0041417666,1.0,0.0,0.0
49,22,12,1,0.018518518518518517,0.9986064,6.916773e-09,0.0013934609,6.601167e-08,1.0,0.0,0.0
49,23,17,1,0.018518518518518517,1.0,1.4296585e-18,1.4776739e-14,8.422245e-19,1.0,0.0,0.0
49,24,1,1,0.018518518518518517,3.1663817e-06,0.0003010818,0.9996958,8.759639e-09,1.0,0.0,0.0
49,25,2,1,0.018518518518518517,0.023843963,0.77502704,0.00021695369,0.20091215,1.0,0.0,0.0
49,26,6,1,0.018518518518518517,3.3968696e-05,1.5619406e-07,0.9999659,6.7545813e-12,1.0,0.0,0.0
50,0,-1,31,0.5,0.53441536,0.28422645,0.116649665,0.06470854,1.0,0.0,0.0
50,1,0,17,0.27419354838709675,0.73183566,0.079310216,0.124185644,0.064668454,1.0,0.0,0.0
50,2,0,8,0.12903225806451613,0.44760102,0.5049848,0.015098403,0.032315835,1.0,0.0,0.0
50,3,1,13,0.20967741935483872,0.9111661,0.0019116623,0.07714251,0.009779834,1.0,0.0,0.0
50,4,2,4,0.06451612903225806,0.42791998,0.5429905,0.026492132,0.0025973555,1.0,0.0,0.0
50,5,3,1,0.016129032258064516,0.9994856,3.671638e-09,2.3922973e-07,0.0005141624,1.0,0.0,0.0
50,6,3,9,0.14516129032258066,0.88878524,1.8211706e-08,0.111214675,2.6755693e-08,1.0,0.0,0.0
50,7,0,3,0.04838709677419355,0.022590518,0.6224929,0.24202652,0.112890095,1.0,0.0,0.0
50,8,0,2,0.03225806451612903,0.10880749,0.58630306,0.23568669,0.06920277,1.0,0.0,0.0
50,9,7,1,0.016129032258064516,0.04271025,1.7557142e-05,0.63214916,0.32512307,1.0,0.0,0.0
50,10,1,2,0.03225806451612903,0.005425975,0.46935454,0.04645095,0.47876862,1.0,0.0,0.0
50,11,2,1,0.016129032258064516,0.010047214,0.9810115,2.7300491e-06,0.008938512,1.0,0.0,0.0
50,12,6,2,0.03225806451612903,0.9995172,2.8240594e-09,0.0004828315,2.653443e-08,1.0,0.0,0.0
50,13,3,2,0.03225806451612903,0.92460126,0.012408385,0.00055841974,0.06243193,1.0,0.0,0.0
50,14,4,3,0.04838709677419355,0.5293756,0.43713197,0.032879304,0.00061308354,1.0,0.0,0.0
50,15,6,1,0.016129032258064516,0.99999976,1.6736996e-09,5.6999343e-09,1.877122e-07,1.0,0.0,0.0
50,16,10,1,0.016129032258064516,3.888147e-09,0.00024967114,0.07706488,0.9226855,1.0,0.0,0.0
50,17,6,4,0.06451612903225806,0.99999976,1.0834576e-18,1.9526026e-07,3.2214515e-12,1.0,0.0,0.0
50,18,14,1,0.016129032258064516,0.015580157,0.9844184,2.9993347e-13,1.3610647e-06,1.0,0.0,0.0
50,19,14,1,0.016129032258064516,0.5729302,0.3269771,0.098605886,0.001486783,1.0,0.0,0.0
50,20,17,1,0.016129032258064516,0.99999917,2.9041718e-18,7.81041e-07,1.2885805e-11,1.0,0.0,0.0
50,21,2,1,0.016129032258064516,0.9949356,0.000866792,0.00018314032,0.004014597,1.0,0.0,0.0
50,22,12,1,0.016129032258064516,0.9990344,5.647909e-09,0.00096566207,5.27034e-08,1.0,0.0,0.0
50,23,17,1,0.016129032258064516,1.0,1.4296585e-18,1.4776739e-14,8.422245e-19,1.0,0.0,0.0
50,24,1,1,0.016129032258064516,3.1820603e-06,0.00030272876,0.9996941,8.819003e-09,1.0,0.0,0.0
50,25,2,1,0.016129032258064516,0.005663855,0.79048496,0.0008340426,0.20301715,1.0,0.0,0.0
50,26,6,1,0.016129032258064516,3.415332e-05,1.565833e-07,0.99996567,6.7718396e-12,1.0,0.0,0.0
50,27,7,1,0.016129032258064516,0.00074525434,0.92284364,0.07437873,0.0020324518,1.0,0.0,0.0
50,28,8,1,0.016129032258064516,0.012733408,0.6079074,0.34606722,0.033292,1.0,0.0,0.0
50,29,13,1,0.016129032258064516,0.8540289,0.022252642,0.0002577579,0.1234607,1.0,0.0,0.0
50,30,17,1,0.016129032258064516,1.0,5.093376e-38,6.6158203e-18,6.1609154e-31,1.0,0.0,0.0
51,0,-1,33,0.5,0.52959573,0.28913245,0.096849166,0.08442263,1.0,0.0,0.0
51,1,0,17,0.25757575757575757,0.7378269,0.07951459,0.12401206,0.058646474,1.0,0.0,0.0
51,2,0,10,0.15151515151515152,0.4403135,0.4285519,0.013412645,0.117721915,1.0,0.0,0.0
51,3,1,13,0.19696969696969696,0.9196855,0.00081486994,0.077110805,0.0023888324,1.0,0.0,0.0
51,4,2,4,0.06060606060606061,0.4278685,0.54830366,0.021452742,0.0023751194,1.0,0.0,0.0
51,5,3,1,0.015151515151515152,0.9994961,3.5972552e-09,2.3470936e-07,0.0005036034,1.0,0.0,0.0
51,6,3,9,0.13636363636363635,0.88880944,1.8173044e-08,0.11119056,2.590643e-08,1.0,0.0,0.0
51,7,0,3,0.045454545454545456,0.023275742,0.6460772,0.21651624,0.11413079,1.0,0.0,0.0
51,8,0,2,0.030303030303030304,0.10037981,0.79037714,0.059327938,0.0499151,1.0,0.0,0.0
51,9,7,1,0.015151515151515152,0.04707593,2.210913e-05,0.62127525,0.33162674,1.0,0.0,0.0
51,10,1,2,0.030303030303030304,0.0049260096,0.47355688,0.045546643,0.47597045,1.0,0.0,0.0
51,11,2,2,0.030303030303030304,0.00666694,0.5021017,0.002134216,0.48909715,1.0,0.0,0.0
51,12,6,2,0.030303030303030304,0.99962556,2.4533124e-09,0.00037436816,2.2719899e-08,1.0,0.0,0.0
51,13,3,2,0.030303030303030304,0.97982144,0.0052799815,0.0004774153,0.014421125,1.0,0.0,0.0
51,14,4,3,0.045454545454545456,0.53164625,0.44151434,0.026345948,0.0004934442,1.0,0.0,0.0
51,15,6,1,0.015151515151515152,0.99999976,1.6735687e-09,5.69951e-09,1.8769789e-07,1.0,0.0,0.0
51,16,10,1,0.015151515151515152,3.919856e-09,0.00025169482,0.07756707,0.92218125,1.0,0.0,0.0
51,17,6,4,0.06060606060606061,0.99999976,1.0833523e-18,1.9523605e-07,3.2211566e-12,1.0,0.0,0.0
51,18,14,1,0.015151515151515152,0.01406121,0.98593754,2.653953e-13,1.2491915e-06,1.0,0.0,0.0
51,19,14,1,0.015151515151515152,0.5812581,0.33860502,0.079006016,0.0011308206,1.0,0.0,0.0
51,20,17,1,0.015151515151515152,0.99999917,2.903751e-18,7.809442e-07,1.2884626e-11,1.0,0.0,0.0
51,21,2,1,0.015151515151515152,0.99508435,0.0008427635,0.00017837177,0.00389438,1.0,0.0,0.0
51,22,12,1,0.015151515151515152,0.9992512,4.906415e-09,0.0007487354,4.5074337e-08,1.0,0.0,0.0
51,23,17,1,0.015151515151515152,1.0,1.4296585e-18,1.4776739e-14,8.422245e-19,1.0,0.0,0.0
51,24,1,1,0.015151515151515152,3.1979018e-06,0.00030439344,0.99969244,8.879041e-09,1.0,0.0,0.0
51,25,2,2,0.030303030303030304,0.40958357,0.49732667,0.0154247675,0.07766495,1.0,0.0,0.0
51,26,6,1,0.015151515151515152,3.4340424e-05,1.5697695e-07,0.99996555,6.7893113e-12,1.0,0.0,0.0
51,27,7,1,0.015151515151515152,0.00051329227,0.9888671,0.0103112,0.00030848756,1.0,0.0,0.0
51,28,8,1,0.015151515151515152,0.00010968361,0.99851125,0.0012338631,0.0001452602,1.0,0.0,0.0
51,29,13,1,0.015151515151515152,0.96415675,0.008163439,0.00014636134,0.027533459,1.0,0.0,0.0
51,30,17,1,0.015151515151515152,1.0,5.093376e-38,6.6158203e-18,6.1609154e-31,1.0,0.0,0.0
51,31,11,1,0.015151515151515152,0.0037062082,0.022060126,0.0042658504,0.96996784,1.0,0.0,0.0
51,32,25,1,0.015151515151515152,0.80484384,0.091204494,0.030758673,0.07319294,1.0,0.0,0.0
52,0,-1,37,0.5,0.47451487,0.28132495,0.1175846,0.12657554,1.0,0.0,0.0
52,1,0,19,0.25675675675675674,0.6606829,0.11474732,0.17264235,0.051927377,1.0,0.0,0.0
52,2,0,12,0.16216216216216217,0.3728238,0.35829976,0.0116992965,0.25717714,1.0,0.0,0.0
52,3,1,14,0.1891891891891892,0.85481787,0.0005980167,0.14301433,0.0015697248,1.0,0.0,0.0
52,4,2,4,0.05405405405405406,0.4267534,0.55335003,0.017703563,0.0021929287,1.0,0.0,0.0
52,5,3,1,0.013513513513513514,0.99950624,3.52581e-09,2.3036283e-07,0.0004934651,1.0,0.0,0.0
52,6,3,10,0.13513513513513514,0.7999419,1.6344526e-08,0.20005807,2.2799046e-08,1.0,0.0,0.0
52,7,0,3,0.04054054054054054,0.024447985,0.64816856,0.2114674,0.11591607,1.0,0.0,0.0
52,8,0,2,0.02702702702702703,0.098284826,0.7986312,0.05570127,0.047382712,1.0,0.0,0.0
52,9,7,1,0.013513513513513514,0.05206697,2.8186474e-05,0.6100176,0.33788726,1.0,0.0,0.0
52,10,1,2,0.02702702702702703,0.0045035607,0.4768932,0.04489387,0.47370943,1.0,0.0,0.0
52,11,2,3,0.04054054054054054,0.004689116,0.33761406,0.0017155315,0.6559813,1.0,0.0,0.0
52,12,6,3,0.04054054054054054,0.66646177,1.4663125e-09,0.3335382,1.3428782e-08,1.0,0.0,0.0
52,13,3,2,0.02702702702702703,0.9854792,0.004170133,0.0004400201,0.009910597,1.0,0.0,0.0
52,14,4,3,0.04054054054054054,0.53231984,0.44575527,0.021513075,0.00041177668,1.0,0.0,0.0
52,15,6,1,0.013513513513513514,0.99999976,1.673441e-09,5.699108e-09,1.8768392e-07,1.0,0.0,0.0
52,16,10,1,0.013513513513513514,3.95202e-09,0.00025374893,0.07807592,0.9216703,1.0,0.0,0.0
52,17,6,4,0.05405405405405406,0.99999976,1.0832527e-18,1.9521259e-07,3.2208617e-12,1.0,0.0,0.0
52,18,14,1,0.013513513513513514,0.012810389,0.9871884,2.3745307e-13,1.1554704e-06,1.0,0.0,0.0
52,19,14,1,0.013513513513513514,0.5845266,0.35007703,0.06450758,0.0008887128,1.0,0.0,0.0
52,20,17,1,0.013513513513513514,0.99999917,2.9033523e-18,7.8085037e-07,1.2883446e-11,1.0,0.0,0.0
52,21,2,1,0.013513513513513514,0.99522567,0.00081997935,0.00017384291,0.0037805839,1.0,0.0,0.0
52,22,12,2,0.02702702702702703,0.49969268,2.1993638e-09,0.5003073,1.9960442e-08,1.0,0.0,0.0
52,23,17,1,0.013513513513513514,1.0,1.4296585e-18,1.4776739e-14,8.422245e-19,1.0,0.0,0.0
52,24,1,1,0.013513513513513514,3.2138896e-06,0.0003060749,0.9996908,8.939795e-09,1.0,0.0,0.0
52,25,2,3,0.04054054054054054,0.2961059,0.3275658,0.017316887,0.3590114,1.0,0.0,0.0
52,26,6,1,0.013513513513513514,3.4529046e-05,1.5737264e-07,0.9999653,6.806892e-12,1.0,0.0,0.0
52,27,7,1,0.013513513513513514,0.00047664015,0.9916746,0.0076192967,0.00022943696,1.0,0.0,0.0
52,28,8,1,0.013513513513513514,0.000106429834,0.99854666,0.0012057073,0.00014112901,1.0,0.0,0.0
52,29,13,1,0.013513513513513514,0.975159,0.0061145085,0.00011886932,0.018607544,1.0,0.0,0.0
52,30,17,1,0.013513513513513514,1.0,5.093376e-38,6.6158203e-18,6.1609154e-31,1.0,0.0,0.0
52,31,11,1,0.013513513513513514,0.004812737,0.029705735,0.0051441453,0.96033734,1.0,0.0,0.0
52,32,25,1,0.013513513513513514,0.87675154,0.06169585,0.02173081,0.039821777,1.0,0.0,0.0
52,33,1,1,0.013513513513513514,0.00786584,0.81404614,0.1742185,0.0038695352,1.0,0.0,0.0
52,34,11,1,0.013513513513513514,4.2204033e-06,5.33393e-06,1.4448588e-11,0.99999046,1.0,0.0,0.0
52,35,22,1,0.013513513513513514,1.2099653e-19,2.3980313e-13,1.0,4.4777883e-32,1.0,0.0,0.0
52,36,25,1,0.013513513513513514,0.0038436516,0.021697486,0.030036645,0.9444222,1.0,0.0,0.0
53,0,-1,42,0.5,0.49007797,0.2752932,0.12574093,0.108887844,1.0,0.0,0.0
53,1,0,24,0.2857142857142857,0.6478733,0.1351281,0.17620766,0.040790968,1.0,0.0,0.0
53,2,0,12,0.14285714285714285,0.3752378,0.3640368,0.011992897,0.24873255,1.0,0.0,0.0
53,3,1,19,0.2261904761904762,0.7880966,0.052985355,0.15789907,0.0010189206,1.0,0.0,0.0
53,4,2,4,0.047619047619047616,0.42472315,0.55835646,0.014879905,0.0020404842,1.0,0.0,0.0
53,5,3,2,0.023809523809523808,0.4998279,0.00027405037,0.4986512,0.0012467919,1.0,0.0,0.0
53,6,3,12,0.14285714285714285,0.74995923,0.083267964,0.16677274,1.868205e-08,1.0,0.0,0.0
53,7,0,3,0.03571428571428571,0.026060143,0.6496094,0.20672967,0.11760073,1.0,0.0,0.0
53,8,0,2,0.023809523809523808,0.09631248,0.80608195,0.05252913,0.045076482,1.0,0.0,0.0
53,9,7,1,0.011904761904761904,0.05778283,3.6400117e-05,0.59838545,0.34379527,1.0,0.0,0.0
53,10,1,2,0.023809523809523808,0.004143857,0.47958323,0.04442713,0.47184578,1.0,0.0,0.0
53,11,2,3,0.03571428571428571,0.0051843096,0.3422747,0.0021576493,0.65038335,1.0,0.0,0.0
53,12,6,4,0.047619047619047616,0.49986938,0.24980384,0.2503268,9.123964e-09,1.0,0.0,0.0
53,13,3,4,0.047619047619047616,0.9942571,0.0017318766,0.00019870959,0.0038123562,1.0,0.0,0.0
53,14,4,3,0.03571428571428571,0.53160816,0.45013902,0.017896961,0.00035589444,1.0,0.0,0.0
53,15,6,1,0.011904761904761904,0.99999976,1.6733038e-09,5.6986513e-09,1.8766853e-07,1.0,0.0,0.0
53,16,10,1,0.011904761904761904,3.984669e-09,0.00025583402,0.078591354,0.92115283,1.0,0.0,0.0
53,17,6,5,0.05952380952380952,0.9999998,8.665202e-19,1.5616999e-07,2.5764534e-12,1.0,0.0,0.0
53,18,14,1,0.011904761904761904,0.01176256,0.98823637,2.1443027e-13,1.0757393e-06,1.0,0.0,0.0
53,19,14,1,0.011904761904761904,0.58343637,0.36218026,0.05365943,0.00072390574,1.0,0.0,0.0
53,20,17,1,0.011904761904761904,0.99999917,2.9029424e-18,7.8075806e-07,1.28822664e-11,1.0,0.0,0.0
53,21,2,1,0.011904761904761904,0.99535936,0.0007983473,0.00016953606,0.0036727178,1.0,0.0,0.0
53,22,12,3,0.03571428571428571,0.33315918,0.3330718,0.33376908,1.2043465e-08,1.0,0.0,0.0
53,23,17,1,0.011904761904761904,1.0,1.4296585e-18,1.4776739e-14,8.422245e-19,1.0,0.0,0.0
53,24,1,1,0.011904761904761904,3.230043e-06,0.00030777376,0.999689,9.001271e-09,1.0,0.0,0.0
53,25,2,3,0.03571428571428571,0.30632496,0.34005144,0.02203318,0.3315904,1.0,0.0,0.0
53,26,6,1,0.011904761904761904,3.4720262e-05,1.5777248e-07,0.9999651,6.824674e-12,1.0,0.0,0.0
53,27,7,1,0.011904761904761904,0.0004502527,0.9932847,0.006081128,0.00018386074,1.0,0.0,0.0
53,28,8,1,0.011904761904761904,0.00010334141,0.9985807,0.0011787837,0.0001372026,1.0,0.0,0.0
53,29,13,3,0.03571428571428571,0.99357086,0.0016643777,3.40696e-05,0.0047307173,1.0,0.0,0.0
53,30,17,2,0.023809523809523808,1.0,2.027418e-37,4.5929455e-11,3.837235e-22,1.0,0.0,0.0
53,31,11,1,0.011904761904761904,0.0066399556,0.04281705,0.0064706183,0.94407237,1.0,0.0,0.0
53,32,25,1,0.011904761904761904,0.8990746,0.050663,0.018902209,0.03136019,1.0,0.0,0.0
53,33,1,1,0.011904761904761904,0.007488251,0.86265314,0.12668243,0.0031762212,1.0,0.0,0.0
53,34,11,1,0.011904761904761904,4.22151e-06,5.3353033e-06,1.4453494e-11,0.99999046,1.0,0.0,0.0
53,35,22,2,0.023809523809523808,2.0766816e-08,0.49960768,0.5003923,2.5206756e-20,1.0,0.0,0.0
53,36,25,1,0.011904761904761904,0.008093142,0.0318471,0.047147986,0.9129117,1.0,0.0,0.0
53,37,5,1,0.011904761904761904,0.0001398014,0.0005480973,0.9973022,0.002009861,1.0,0.0,0.0
53,38,29,2,0.023809523809523808,0.9999963,1.0865476e-06,1.3199214e-13,2.6201458e-06,1.0,0.0,0.0
53,39,30,1,0.011904761904761904,1.0,3.5454981e-37,9.18589e-11,7.67447e-22,1.0,0.0,0.0
53,40,35,1,0.011904761904761904,4.153363e-08,0.99921536,0.0007846016,5.041351e-20,1.0,0.0,0.0
53,41,38,1,0.011904761904761904,1.0,5.3565654e-09,2.6397976e-13,6.3341528e-09,1.0,0.0,0.0
